Year,3_days_SR(%),4_days_SR(%)
2020,59.56989247311829,70.24193548387096
2021,51.0752688172043,67.78033794162826
