Year,3_days_SR(%),4_days_SR(%)
2017,31.741935483870964,54.043010752688176
2018,46.568740399385554,55.592037890425
2019,56.608422939068106,68.09075780849975
2020,58.7713199851687,69.46051167964406
