Year,3_days_SR(%),4_days_SR(%)
2020,63.736559139784944,73.60215053763442
2021,52.035330261136714,71.85099846390169
