Year,3_days_SR(%),4_days_SR(%)
2017,31.24731182795699,52.79569892473118
2018,38.984254992319514,54.900793650793645
2019,56.25512032770098,67.49743983614952
2020,53.82415647015202,66.89145346681498
