Year,6_days_SR(%),7_days_SR(%)
2017,26.64516129032258,41.65591397849463
2018,30.51459293394777,44.71710189452125
2019,45.18113159242191,56.787634408602145
2020,44.89849833147942,57.96672228401927
