Year,6_days_SR(%),7_days_SR(%)
2020,50.64516129032258,58.79032258064516
2021,57.41167434715822,68.394777265745
